rsid	chr	gene	pos	ref	alt	metal_pval	mtag_pval	ukb_pval	finn_pval	trait	metal_significant	mtag_significant	effect
rs35954793	4	FGF5	81188513	C	A	6.145E-09	2.68031344339771E-09	0.0297618	1.6E-11	I9_HYPTENSPREG	True	True	FGF5 : Intron Variant
rs10882398	10	PLCE1	95892788	T	A	8.943E-09		0.00553847	3.48E-09	I9_HYPTENSPREG	True		PLCE1 : Intron Variant
rs167479	19	RGL3	11526765	G	T	5.233E-09	2.22381100854627E-09	0.0380497	5.13E-12	I9_HYPTENSPREG	True	True	RGL3 : Missense Variant
rs36090025	10	TCF7L2	114774433	A	C	3.483E-15	2.71540452331155E-15	0.0020773	1.91E-18	GEST_DIABETES	True	True	TCF7L2 : Intron Variant
rs10830963	11	MTNR1B	92708710	C	G	4.53E-41		0.136495	7.86E-84	GEST_DIABETES	True		MTNR1B : Intron Variant
rs2963457	5	EBF1	157907974	C	T	6.52E-09	4.71519655707461E-09	0.000204268	1.94E-06	O15_PRETERM	True	True	
