rsid	chr	gene	pos	ref	alt	metal_pval	mtag_pval	ukb_pval	finn_pval	trait	metal_significant	mtag_significant	group
rs16998073	4		81184341	A	T	9.128e-09		0.0352008	1.91e-11	I9_HYPTENSPREG	True		1
rs35954793	4	FGF5	81188513	C	A	6.145e-09	2.680313443397712e-09	0.0297618	1.6e-11	I9_HYPTENSPREG	True	True	2
rs10882398	10	PLCE1	95892788	T	A	8.943e-09		0.00553847	3.48e-09	I9_HYPTENSPREG	True		3
rs167479	19	RGL3	11526765	G	T	5.233e-09	2.223811008546272e-09	0.0380497	5.13e-12	I9_HYPTENSPREG	True	True	4
rs36090025	10	TCF7L2	114774433	A	C	3.483e-15	2.7154045233115457e-15	0.0020773	1.91e-18	GEST_DIABETES	True	True	5
rs7945617	11		92700287	T	C	2.7980000000000004e-31	2.037698223816442e-31	0.036522	1.11e-56	GEST_DIABETES	True	True	6
rs10830963	11	MTNR1B	92708710	C	G	4.53e-41		0.136495	7.86e-84	GEST_DIABETES	True		7
rs138109677	11		92725992	A	AATGTT	7.213e-15		0.440159	7.06e-30	GEST_DIABETES	True		8
rs2963457	5		157907974	C	T	6.52e-09	4.7151965570746096e-09	0.000204268	1.94e-06	O15_PRETERM	True	True	9
